time,speed,stNOF,gas1,gas2,gas3,gas4,gas5,gas6,gas7,setgas1,setgas2,setgas3,setgas4,setgas5,setgas6,setgas7,ft1,ft2,ft3,ft4,ft5,ft6,ft7,stRTF,setgasAll,gasAll,ftAll,Id
0,145,701.39,596.28,484.73,468.19,364.09,352.89,358.99,320.19,610,550,500,360,350,350,320,888.1,887.5,902.1,958.7,956.4,915.5,840.1,852.08,3040,2945.36,6348.4,231
0.05,145,709.49,590.94,483.11,467.17,362.98,359.98,358.16,319.61,610,550,500,360,350,350,320,888.1,887.5,902.1,958.7,956.4,915.5,840.1,852.31,3040,2941.95,6348.4,231
0.1,145,704.17,593.04,485.43,469.21,337.54,361.17,358.9,320.59,610,550,500,360,350,350,320,888.1,887.5,902.1,958.7,956.4,915.5,840.1,850,3040,2925.88,6348.4,231
0.15,145,705.09,594.45,485.92,470.05,335.14,358.33,341.25,320.5,610,550,500,360,350,350,320,888.1,888.1,902.1,958.7,956.4,915.5,840.1,850.93,3040,2905.64,6349,231
0.2,145,718.29,595.94,486.38,470.86,357.57,323.94,336.11,322,610,550,500,360,350,350,320,888.1,888.1,902.1,958.7,956.4,915.5,840.1,850.93,3040,2892.8,6349,231
0.25,145,707.41,591.04,482.74,467.08,358.76,350.35,338.54,320.33,610,550,500,360,350,350,320,888.1,888.1,902.7,958.7,956.4,915.5,840.1,854.63,3040,2908.84,6349.6,231
0.3,145,701.85,591.17,480.7,465.37,358.3,357.09,353.13,319.21,610,550,500,360,350,350,320,888.1,888.1,902.7,958.7,956.4,915.5,840.7,848.61,3040,2924.97,6350.2,231
0.35,145,707.87,589.4,479.91,465,357.69,357.84,354.64,318.04,610,550,500,360,350,350,320,888.1,888.1,902.7,958.7,956.4,916.1,840.7,850.69,3040,2922.52,6350.8,231
0.4,145,696.76,593.79,481.21,466.15,359.21,350.96,356.03,319.35,610,550,500,360,350,350,320,888.1,888.1,902.7,958.7,956.4,916.1,840.7,853.01,3040,2926.7,6350.8,231
0.45,145,695.6,597.2,483.3,468.72,361.06,326.48,357.28,320.15,610,550,500,360,350,350,320,888.1,888.1,902.7,959.3,956.4,916.1,840.7,856.94,3040,2914.19,6351.4,231
0.5,145,697.45,590.67,481.21,465.57,359.21,354.04,355.42,318.07,610,550,500,360,350,350,320,888.1,888.1,902.7,959.3,956.4,916.1,840.7,853.47,3040,2924.19,6351.4,231
0.55,145,697.92,585.7,478.78,464.14,357.49,357.64,337.07,316.55,610,550,500,360,350,350,320,888.1,888.1,902.7,959.3,957,916.1,840.7,852.31,3040,2897.37,6352,231
0.6,145,693.98,582.84,473.88,458.41,353.87,353.56,330.99,312.54,610,550,450,310,300,300,320,888.1,888.1,902.7,959.3,957,916.1,841.2,850,2840,2866.09,6352.5,231
0.65,145,694.91,584.62,472.85,459.03,352.58,318.12,330.44,314.13,610,515,450,310,300,300,320,888.1,888.1,902.7,959.3,957,916.7,841.2,847.22,2805,2831.77,6353.1,231
0.7,145,693.98,585.36,474.19,459.47,353.41,310.44,317.16,314.89,610,500,450,310,300,300,320,888.1,888.1,902.7,959.3,957,916.7,841.2,847.69,2790,2814.92,6353.1,231
0.75,145,698.15,590.34,478.12,462.31,300.6,313.12,308.07,317.93,610,500,450,310,300,300,320,888.1,888.1,902.7,959.3,957,916.7,841.2,846.53,2790,2770.49,6353.1,231
0.8,145,691.2,591.77,479.15,464.42,294.2,323.16,306.29,317.35,610,500,450,310,300,300,320,888.1,888.1,902.7,959.3,957,916.7,841.2,847.22,2790,2776.34,6353.1,231
0.85,145,701.85,591.93,480.5,464.08,297.03,329.39,304.6,316.97,610,500,450,310,300,300,320,888.1,888.1,902.7,959.3,957,916.7,841.2,845.37,2790,2784.5,6353.1,231
0.9,145,690.97,588.35,480.85,464.7,303.73,321.59,303.37,317.34,610,500,450,310,300,300,320,888.1,888.1,902.7,959.3,957,916.7,841.2,844.91,2790,2779.93,6353.1,231
0.95,145,693.75,586.97,480.85,465.05,307.28,307.98,302.48,317.45,610,500,450,310,300,300,320,888.1,888.1,903.3,959.3,957,916.7,841.8,842.59,2790,2768.06,6354.3,231
1,145,696.3,595.36,483.12,467.03,309.12,308.24,302.92,320.09,610,500,450,310,300,300,320,888.1,888.1,903.3,959.3,957,916.7,841.8,846.3,2790,2785.88,6354.3,231
1.05,145,698.15,594.42,485.03,469.93,311.02,309.97,303.78,322.77,610,500,450,310,300,300,320,888.1,888.1,903.3,959.3,957,916.7,841.8,849.77,2790,2796.92,6354.3,231
1.1,145,693.75,600.59,485.89,470.82,312.48,309.86,302.77,322.26,610,500,450,310,300,300,320,888.1,888.1,903.3,959.3,957,916.7,841.8,843.98,2790,2804.67,6354.3,231
1.15,145,690.51,600.71,485.74,470.13,312.48,310.38,301.87,322.78,610,500,450,310,300,300,320,888.1,888.1,903.3,959.3,957,916.7,841.8,843.06,2790,2804.09,6354.3,231
1.2,145,698.61,598.17,484.81,468.93,311.15,309.4,300.14,321.69,610,500,450,310,300,300,320,888.1,888.1,903.3,959.3,957,916.7,841.8,848.38,2790,2794.29,6354.3,231
1.25,145,700.46,595.06,485.05,452.64,311.73,305.4,300.02,322.33,610,500,450,310,300,300,320,888.1,888.1,903.3,959.3,957,916.7,841.8,844.21,2790,2772.23,6354.3,231
1.3,145,688.89,592.55,484.73,447.44,311.55,304.14,299.65,321.28,610,500,450,310,300,300,320,888.1,887.5,903.3,959.3,957,916.7,841.8,843.98,2790,2761.34,6353.7,231
1.35,145,689.12,593.61,484.79,447.49,311.93,304,300.04,321.43,610,500,450,310,300,300,320,888.1,887.5,903.3,959.3,957,916.7,841.8,847.22,2790,2763.29,6353.7,231
1.4,145,689.81,596.19,487.19,449.8,313.15,306.13,301.12,323.22,610,500,450,310,300,300,320,888.1,887.5,903.3,959.3,957,916.7,841.8,850,2790,2776.8,6353.7,231
1.45,145,700.93,603.01,488.23,451.13,313.93,306.03,302.1,323.48,610,500,450,310,300,300,320,888.1,887.5,903.3,959.3,957,916.7,841.8,844.44,2790,2787.91,6353.7,231
1.5,145,692.13,600.79,490.14,446.25,314.85,307.69,303.05,325.54,610,500,450,310,300,300,320,887.5,887.5,903.3,959.3,957,917.3,841.8,848.84,2790,2788.31,6353.7,231
1.55,145,690.51,603.31,492.1,437.14,315.81,304.94,303.68,326.77,610,500,450,310,300,300,320,887.5,887.5,903.3,959.3,957,917.3,841.8,842.13,2790,2783.75,6353.7,231
1.6,145,693.52,604.5,490.76,436.27,315.38,303.06,301.44,325.26,610,500,450,310,300,300,320,887.5,887.5,902.7,958.7,957,917.3,841.8,851.16,2790,2776.67,6352.5,231
1.65,145,701.62,604.63,489.01,435.32,314.11,301.75,299.4,324.18,610,500,450,310,300,300,320,887.5,887.5,903.3,958.7,957,917.3,841.8,844.44,2790,2768.4,6353.1,231
1.7,145,692.82,603.34,488.19,445.64,313.73,300.81,298.82,323.85,610,500,450,310,300,300,320,887.5,887.5,902.7,958.7,957,917.3,841.8,847.69,2790,2774.38,6352.5,231
1.75,145,693.29,602.35,487.59,458.04,310.42,301.71,298.63,321.96,610,500,450,310,300,300,320,887.5,887.5,902.7,958.7,957,917.3,841.8,841.67,2790,2780.7,6352.5,231
1.8,145,685.88,604.86,490.25,461.22,294.56,301.32,299.69,324.41,610,500,450,310,300,300,320,887.5,887.5,902.7,958.7,957,917.3,841.8,848.61,2790,2776.31,6352.5,231
1.85,145,691.44,600.6,490.29,461.49,288.99,303.15,300.08,323.92,610,500,450,310,300,300,320,887.5,887.5,902.7,958.7,957,917.3,841.8,849.07,2790,2768.52,6352.5,231
1.9,145,688.66,601.83,489.99,462.43,307.25,303.15,300.44,325.24,610,500,450,310,300,300,320,887.5,887.5,902.7,958.7,957,917.3,841.8,851.16,2790,2790.33,6352.5,231
1.95,145,688.19,603.16,492.47,464.38,312.91,304.98,301.03,326.93,610,500,450,310,300,300,320,887.5,887.5,902.7,958.7,957,917.3,841.8,844.91,2790,2805.86,6352.5,231
2,145,687.5,601.43,490.61,462.43,311.91,303.42,300.36,326.06,610,500,450,310,300,300,320,887.5,887.5,902.7,958.7,957,917.3,841.8,846.53,2790,2796.22,6352.5,231
2.05,145,691.44,598.05,487.65,459.13,310.89,301.3,298.58,323.28,610,500,450,310,300,300,320,887.5,887.5,902.7,958.7,957,917.3,841.8,842.13,2790,2778.88,6352.5,231
2.1,145,695.6,597.28,487.32,458.64,310.17,300.74,298.38,323.55,610,500,450,310,300,300,320,887.5,886.9,902.7,958.1,956.4,917.3,841.8,840.51,2790,2776.08,6350.7,231
2.15,145,687.5,599.04,486.58,457.59,310.36,301.12,297.67,321.84,610,500,450,310,300,300,320,887.5,886.9,902.7,958.1,956.4,917.9,841.8,843.75,2790,2774.2,6351.3,231
2.2,145,688.66,600.27,486.43,457.35,310.36,300.57,297.67,321.56,610,500,450,310,300,300,320,887.5,886.9,902.7,958.1,956.4,917.9,841.8,841.9,2790,2774.21,6351.3,231
2.25,145,697.92,600.95,487.7,458.24,310.4,300.25,297.88,321.42,610,500,450,310,300,300,320,887.5,886.9,902.7,958.1,956.4,917.9,841.8,845.14,2790,2776.84,6351.3,231
2.3,145,687.73,602.61,487.65,459.13,310.54,297.48,298.4,322.65,610,500,450,310,300,300,320,886.9,886.9,902.7,958.1,956.4,917.9,841.8,841.9,2790,2778.46,6350.7,231
2.35,145,684.26,598.19,486.4,441.59,309.54,296.46,298.83,322.35,610,500,450,310,300,300,320,887.5,886.9,902.1,958.1,956.4,917.9,841.8,845.37,2790,2753.36,6350.7,231
2.4,145,692.36,593.39,484.6,435.9,307.96,294.08,300.11,321.65,610,500,450,310,300,300,320,886.9,886.9,902.1,957.6,956.4,917.9,841.8,843.29,2790,2737.69,6349.6,231
2.45,145,690.05,590.86,482.49,434.53,307,294.56,299.3,320.13,610,500,450,310,300,300,320,886.9,886.9,902.1,957.6,956.4,917.9,841.8,841.9,2790,2728.87,6349.6,231
2.5,145,692.36,590.15,480.38,433.04,305.58,298.95,297.86,318.45,610,500,450,310,300,300,320,886.9,886.9,902.1,957.6,956.4,917.9,841.8,844.91,2790,2724.41,6349.6,231
2.55,145,690.28,586.15,479.36,431.45,304.99,301.6,297.08,317.4,610,500,450,310,300,300,320,886.9,886.9,902.1,957.6,955.8,917.9,841.8,845.6,2790,2718.03,6349,231
2.6,145,684.26,585.63,478.73,430.56,304.63,300.15,297.25,316.93,610,500,450,310,300,300,320,886.9,886.9,902.1,957.6,955.8,917.9,841.8,840.97,2790,2713.88,6349,231
2.65,145,684.03,588.1,480.69,433.06,306.4,302.48,299.06,319.6,610,500,450,310,300,300,320,886.9,886.9,902.1,957.6,955.8,917.9,841.8,841.67,2790,2729.39,6349,231
2.7,145,691.2,591.22,482.27,434.12,307.41,302.79,302.25,319.9,610,500,450,310,300,300,320,886.9,886.9,902.1,957.6,955.8,917.9,841.8,841.44,2790,2739.96,6349,231
2.75,145,692.36,590.61,483.45,435.34,308.18,303.21,303.03,319.69,610,500,450,310,300,300,320,886.9,886.9,902.1,957,955.8,917.9,841.8,841.9,2790,2743.51,6348.4,231
2.8,145,686.57,587.88,481.43,446.86,308.77,299.5,302.02,317.77,610,500,450,310,300,300,320,886.9,886.9,902.1,957,955.8,917.9,841.8,842.13,2790,2744.23,6348.4,231
2.85,145,689.35,586.04,479.63,455.01,314.16,296.42,300.59,316.14,610,500,450,310,300,300,320,886.9,886.9,902.1,957,955.8,917.9,841.8,842.59,2790,2747.99,6348.4,231
2.9,145,679.63,586.18,479.69,455.88,316.33,296,300.71,316.89,610,500,450,310,300,300,320,886.9,886.9,902.1,957,955.8,917.9,841.8,842.59,2790,2751.68,6348.4,231
2.95,145,684.49,589.69,479.69,456.71,316.33,295.63,300.89,318.75,610,500,450,310,300,300,320,886.9,886.9,902.1,957,955.8,917.9,841.8,846.06,2790,2757.69,6348.4,231
3,145,684.03,592.83,479.86,456.13,316.52,295.09,301.09,318.93,610,500,450,310,300,300,320,886.9,886.3,901.5,957,955.2,917.9,841.8,842.59,2790,2760.45,6346.6,231
3.05,145,679.4,591.95,480.17,455.66,316.52,296.55,300.91,318.93,610,500,450,310,300,300,320,886.9,886.3,901.5,957,955.2,917.9,841.8,840.74,2790,2760.69,6346.6,231
3.1,145,680.56,586.7,479.09,455.06,316,301.09,300.73,317.72,610,500,450,310,300,300,320,886.9,886.3,901.5,956.4,955.2,917.9,841.8,839.81,2790,2756.39,6346,231
3.15,145,679.63,586.32,478.78,454.35,316,301.8,300.18,317.19,610,500,450,310,300,300,320,886.9,886.3,901.5,956.4,955.2,918.4,841.8,839.12,2790,2754.62,6346.5,231
3.2,145,684.03,589.04,477.98,453.6,315.47,301.06,299.26,316.06,610,500,450,310,300,300,320,886.9,886.3,901.5,956.4,955.2,917.9,841.8,841.44,2790,2752.47,6346,231
3.25,145,688.89,589.27,477.96,454.18,315.63,301.59,299.25,315.94,610,500,450,310,300,300,320,886.9,886.3,901.5,956.4,955.2,918.4,841.8,839.81,2790,2753.82,6346.5,231
3.3,145,678.94,586.01,478.88,454.3,315.63,301.41,299.79,316.81,610,500,450,310,300,300,320,886.9,886.3,901.5,956.4,955.2,918.4,841.8,839.35,2790,2752.83,6346.5,231
3.35,145,680.56,586.28,479.52,454.91,315.98,297.08,299.98,318.16,610,500,450,310,300,300,320,886.9,886.3,901.5,956.4,954.6,918.4,841.8,838.43,2790,2751.91,6345.9,231
3.4,145,684.72,593.37,482.86,458.25,293.95,298.34,301.59,320.88,610,500,450,310,300,300,320,886.9,886.3,901.5,956.4,954.6,918.4,841.8,837.5,2790,2749.24,6345.9,231
3.45,145,679.86,598.55,485.53,461.57,285.19,300.21,302.73,323.14,610,500,450,310,300,300,320,886.9,886.3,901.5,955.8,954.6,918.4,841.8,835.65,2790,2756.92,6345.3,231
3.5,145,680.09,595.64,487.2,461.94,305.68,301.57,303.18,323.12,610,500,450,310,300,300,320,886.9,886.3,901.5,955.8,954.6,918.4,841.8,838.66,2790,2778.33,6345.3,231
3.55,145,679.63,595.31,486.78,461.63,307.83,303.38,302.85,322.58,610,500,450,310,300,300,320,886.9,886.3,900.9,955.8,954.6,918.4,841.8,839.35,2790,2780.36,6344.7,231
3.6,145,682.41,594.45,482.67,458.28,308,303.92,299.6,318.98,610,500,450,310,300,300,320,886.9,886.3,900.9,955.8,954.6,918.4,841.8,840.51,2790,2765.9,6344.7,231
3.65,145,673.61,590.28,481.61,456.95,309.13,303.65,298.06,317.73,610,500,450,310,300,300,320,886.9,886.3,900.9,955.8,954.6,918.4,841.8,836.11,2790,2757.41,6344.7,231
3.7,145,677.31,589.91,482.83,441.75,310.71,303.82,298.42,319.52,610,500,450,310,300,300,320,886.9,886.3,900.9,955.8,954.6,918.4,841.2,838.43,2790,2746.96,6344.1,231
3.75,145,681.25,594.06,484.49,441.37,311.84,299.59,299.41,321.51,610,500,450,310,300,300,320,886.9,886.3,900.9,955.8,954.1,918.4,841.2,839.58,2790,2752.27,6343.6,231
3.8,145,682.18,600.36,487.37,443.97,313.59,301.04,301.22,323.76,610,500,450,310,300,300,320,886.9,886.3,900.9,955.8,954.1,918.4,841.2,840.51,2790,2771.31,6343.6,231
3.85,145,684.49,598.4,488.08,444.81,313.83,302.01,301.65,324.41,610,500,450,310,300,300,320,886.3,886.3,900.9,955.8,954.1,918.4,841.2,836.34,2790,2773.19,6343,231
3.9,145,682.87,602.7,488.18,430.23,314.41,301.7,301.7,324.01,610,500,450,310,300,300,320,886.3,886.3,900.9,955.8,954.1,918.4,841.2,838.43,2790,2762.93,6343,231
3.95,145,676.39,598.44,485.49,425.3,313.03,301,300.1,320.86,610,500,450,310,300,300,320,886.3,886.3,900.9,955.2,954.1,917.9,841.2,835.19,2790,2744.22,6341.9,231
4,145,679.86,591.84,482.52,428.41,311.15,298.69,298.51,318.92,610,500,450,310,300,300,320,886.3,885.8,900.9,955.2,954.1,917.9,841.2,836.81,2790,2730.04,6341.4,231
4.05,145,672.92,593.22,480.08,448.31,309.56,296.69,297.06,317.34,610,500,450,310,300,300,320,886.3,885.8,900.9,955.2,954.1,918.4,841.2,834.49,2790,2742.26,6341.9,231
4.1,145,676.62,589.92,480.24,450.35,308.94,297.33,296.96,317.3,610,500,450,310,300,300,320,886.3,885.8,900.9,955.2,953.5,918.4,841.2,834.72,2790,2741.04,6341.3,231
4.15,145,684.72,593.54,480.55,451.19,309.12,296.96,296.96,319.1,610,500,450,310,300,300,320,886.3,885.8,900.9,955.2,953.5,918.4,841.2,836.11,2790,2747.42,6341.3,231
4.2,145,677.78,597.81,482.89,453.07,310.92,299.18,299,322.2,610,500,450,310,300,300,320,886.3,885.8,900.9,955.2,953.5,918.4,841.2,835.88,2790,2765.07,6341.3,231
4.25,145,677.08,599.39,484.9,454.44,312.08,300.2,300.2,322.5,610,500,450,310,300,300,320,886.3,885.8,900.4,955.2,953.5,917.9,841.2,835.19,2790,2773.71,6340.3,231
4.3,145,680.56,599.63,485.45,455.12,312.66,300.08,300.44,322.22,610,500,450,310,300,300,320,886.3,885.8,900.4,955.2,953.5,917.9,841.2,835.88,2790,2775.6,6340.3,231
4.35,145,678.47,591.94,483.26,453.02,311.14,300.13,299.04,319.78,610,500,450,310,300,300,320,886.3,885.8,900.4,955.2,953.5,918.4,841.2,834.03,2790,2758.31,6340.8,231
4.4,145,681.71,587.66,481.21,450.89,309.77,298.55,297.45,318.01,610,500,450,310,300,300,320,886.3,885.8,900.4,954.6,953.5,917.9,841.2,835.65,2790,2743.54,6339.7,231
4.45,145,684.03,587.38,479.7,448.97,308.99,297.56,297.01,317.06,610,500,450,310,300,300,320,886.3,885.8,900.4,954.6,952.9,917.9,841.2,834.03,2790,2736.67,6339.1,231
4.5,145,684.26,586.79,479.78,449.14,296.96,296.96,297.15,316.95,610,500,450,310,300,300,320,886.3,885.8,900.4,954.6,952.9,917.9,840.7,835.88,2790,2723.73,6338.6,231
4.55,145,681.25,587.25,479.59,449.47,294.38,297.12,299.12,317.74,610,500,450,310,300,300,320,886.3,885.8,900.4,954.6,952.9,917.9,840.7,832.41,2790,2724.67,6338.6,231
4.6,145,675.23,590.58,479.71,449.43,294.17,301.09,299.64,318.06,610,500,450,310,300,300,320,886.3,885.8,900.4,954.6,952.9,917.9,840.7,837.04,2790,2732.68,6338.6,231
4.65,145,675.93,585.84,478.85,448.38,318.84,300.85,299.22,317.25,610,500,450,310,300,300,320,886.3,885.8,900.4,954.6,952.9,917.9,840.7,833.56,2790,2749.23,6338.6,231
4.7,145,676.16,586.55,479.38,449.3,328.26,301.43,299.27,317.53,610,500,450,310,300,300,320,886.3,885.8,900.4,954.6,952.9,917.9,840.7,835.88,2790,2761.72,6338.6,231
4.75,145,680.09,587.92,479.93,449.14,329.15,301.49,299.87,318.05,610,500,450,310,300,300,320,886.3,885.8,900.4,954.6,952.9,917.9,840.7,839.35,2790,2765.55,6338.6,231
4.8,145,685.65,592.74,483.82,452.49,331.37,303.51,302.08,321.18,610,500,450,310,300,300,320,886.3,885.8,900.4,954.1,952.3,917.9,840.7,838.66,2790,2787.19,6337.5,231
4.85,145,681.94,593.34,484.77,454.34,332.97,304.52,302.73,321.65,610,500,450,310,300,300,320,886.3,885.8,900.4,954.1,952.3,917.9,840.7,839.81,2790,2794.32,6337.5,231
4.9,145,675.23,595.16,486.76,456.4,302.48,304.09,303.91,323.25,610,500,450,310,300,300,320,886.3,885.8,900.4,954.1,952.3,917.9,840.7,835.88,2790,2772.05,6337.5,231
4.95,145,674.77,599.67,486.4,455.75,281.8,301.36,303.88,322.12,610,500,450,310,300,300,320,886.3,885.8,900.4,954.1,952.3,917.9,840.7,836.81,2790,2750.98,6337.5,231
5,145,671.99,595.07,484.2,453.52,297.24,299.42,302.66,320.43,610,500,450,310,300,300,320,886.3,885.8,899.8,954.1,952.3,917.9,840.7,836.11,2790,2752.54,6336.9,231
5.05,145,671.99,591.52,483.69,452.87,302.63,299.2,302.09,320.62,610,500,450,310,300,300,320,886.3,885.8,899.8,954.1,952.3,917.9,840.7,835.88,2790,2752.62,6336.9,231
5.1,145,673.84,590.47,483.04,452.11,302.96,298.64,301.71,320.19,610,500,450,310,300,300,320,886.3,885.8,899.8,954.1,952.3,917.9,840.7,832.64,2790,2749.12,6336.9,231
5.15,145,671.76,586.38,480.01,449.21,304.58,297.92,299.91,317.64,610,500,450,310,300,300,320,886.3,885.8,899.8,954.1,952.3,917.9,840.7,834.03,2790,2735.65,6336.9,231
5.2,145,667.82,584.44,478.32,447.74,308.72,296.37,298.74,316.26,610,500,450,310,300,300,320,885.8,885.8,899.8,954.1,952.3,917.9,840.7,834.03,2790,2730.59,6336.4,231
5.25,145,676.16,583.49,477.34,447.09,309.91,296.16,297.98,315.99,610,500,450,310,300,300,320,885.8,885.2,899.8,954.1,951.7,917.9,840.1,833.56,2790,2727.96,6334.6,231
5.3,145,674.07,585.3,479.07,448.21,310.63,296.36,296.54,317.18,610,500,450,310,300,300,320,885.8,885.2,899.8,954.1,951.7,917.9,840.1,834.72,2790,2733.29,6334.6,231
5.35,145,676.62,586.86,481.06,451.48,311.77,297.18,297.55,319.36,610,500,450,310,300,300,320,885.8,885.2,899.8,953.5,951.7,917.9,840.1,832.41,2790,2745.26,6334,231
5.4,145,674.31,591.11,483.25,452.63,313.29,298.4,299.49,321.57,610,500,450,310,300,300,320,885.8,885.2,899.8,953.5,951.7,917.9,840.1,831.02,2790,2759.74,6334,231
5.45,145,672.45,591.87,483.97,453.69,313.71,301,300.28,323.02,610,500,450,310,300,300,320,885.8,885.2,899.8,953.5,951.7,917.9,840.1,829.17,2790,2767.54,6334,231
5.5,145,679.86,592.34,481.7,451.53,312.76,303.61,299.11,321.1,610,500,450,310,300,300,320,885.8,885.2,899.8,953.5,951.7,917.9,840.1,832.64,2790,2762.15,6334,231
5.55,145,683.33,588.27,478.99,448.4,310.86,301.48,297.14,317.87,610,500,450,310,300,300,320,885.8,885.2,899.2,953.5,951.7,917.9,840.1,827.55,2790,2743.01,6333.4,231
5.6,145,674.07,586.73,476.91,445.27,309.83,300.07,295.53,318.81,610,500,450,310,300,300,320,885.8,885.2,899.2,953.5,951.7,917.9,840.1,832.41,2790,2733.15,6333.4,231
5.65,145,674.07,581.53,475.7,444.42,308.87,299.45,294.9,318.73,610,500,450,310,300,300,320,885.8,885.2,899.2,953.5,951.7,917.9,840.1,832.87,2790,2723.6,6333.4,231
5.7,145,672.92,580.84,474.2,443.33,307.48,297.84,296.21,317.63,610,500,450,310,300,300,320,885.8,885.2,899.2,952.9,951.1,917.9,840.1,830.56,2790,2717.53,6332.2,231
5.75,145,671.99,583.03,474.13,443.39,307.26,296.52,299.42,318.22,610,500,450,310,300,300,320,885.8,885.2,899.2,952.9,951.1,917.9,840.1,832.18,2790,2721.97,6332.2,231
5.8,145,682.41,581.56,475.05,445.83,308.41,294.97,302.03,319.76,610,500,450,310,300,300,320,885.2,885.2,899.2,952.9,951.1,917.9,840.1,833.8,2790,2727.61,6331.6,231
5.85,145,672.45,582.77,476.45,446.23,308.69,295.07,303.03,321.7,610,500,450,310,300,300,320,885.2,885.2,899.2,952.9,951.1,917.9,839.5,831.02,2790,2733.94,6331,231
5.9,145,670.6,588.69,480.41,449.4,311.58,297.34,305.25,324.49,610,500,450,310,300,300,320,885.2,885.2,899.2,952.9,951.1,917.9,840.1,834.72,2790,2757.16,6331.6,231
5.95,145,675.93,591,480.86,449.78,312.19,299.07,305.7,323.11,610,500,450,310,300,300,320,885.2,885.2,899.2,952.9,951.1,917.9,839.5,832.41,2790,2761.71,6331,231
6,145,674.07,595.69,482.37,451.96,313.41,306.58,306.76,324.21,610,500,450,310,300,300,320,885.2,885.2,899.2,952.9,951.1,917.9,839.5,828.7,2790,2780.98,6331,231
6.05,145,675.93,598,484.82,453.55,314.73,307.39,307.75,325.51,610,500,450,310,300,300,320,885.2,885.2,899.2,952.9,951.1,917.9,839.5,831.71,2790,2791.75,6331,231
6.1,145,671.76,601.51,487.4,455.84,315.68,307.66,299.79,327.42,610,500,450,310,300,300,320,885.2,885.2,899.2,952.9,950.6,917.9,839.5,834.03,2790,2795.3,6330.5,231
6.15,145,667.36,593.92,485.34,454.66,314.5,301.27,296.92,326.41,610,500,450,310,300,300,320,885.2,885.2,899.2,952.3,950.6,917.9,839.5,829.86,2790,2773.02,6329.9,231
6.2,145,670.37,591.78,482.98,452.66,307.37,300.05,295.87,324.45,610,500,450,310,300,300,320,885.2,885.2,899.2,952.3,950.6,917.9,839.5,832.18,2790,2755.16,6329.9,231
6.25,145,671.53,592.36,482.34,452.39,296.57,299.49,295.48,324.82,610,500,450,310,300,300,320,885.2,885.2,899.2,952.3,950.6,917.9,839.5,835.65,2790,2743.45,6329.9,231
6.3,145,673.61,594.65,481.97,451.01,294.71,299.45,294.89,323.71,610,500,450,310,300,300,320,885.2,885.2,899.2,952.3,950.6,917.9,839.5,833.8,2790,2740.39,6329.9,231
6.35,145,675,590.18,480.81,450.45,298.13,297.58,299.94,323.36,610,500,450,310,300,300,320,885.2,885.2,899.2,952.3,950.6,917.9,839.5,832.64,2790,2740.45,6329.9,231
6.4,145,675.23,591.65,479.76,449.49,324.16,298.05,301.48,322.07,610,500,450,310,300,300,320,885.2,885.2,899.2,952.3,950.6,917.9,839.5,835.65,2790,2766.66,6329.9,231
6.45,145,673.61,591.38,479.74,448.99,326.81,297.49,301.65,322.63,610,500,450,310,300,300,320,885.2,885.2,899.2,952.3,950.6,917.9,839.5,832.64,2790,2768.69,6329.9,231
6.5,145,679.4,588.19,480.41,449.16,327.68,297.52,302.04,323.3,610,500,450,310,300,300,320,885.2,885.2,899.2,952.3,950.6,917.9,839.5,829.86,2790,2768.3,6329.9,231
6.55,145,678.24,587.11,480.29,449.43,327.7,296.63,301.7,323.66,610,500,450,310,300,300,320,885.2,885.2,899.2,952.3,950.6,917.9,839.5,835.19,2790,2766.52,6329.9,231
6.6,145,679.86,585.74,478.36,447.78,326.65,298.03,300.93,322.4,610,500,450,310,300,300,320,885.2,885.2,899.2,952.3,950,917.9,839.5,830.56,2790,2759.89,6329.3,231
6.65,145,684.03,585.81,479.49,448.31,300.24,298.07,301.14,322.84,610,500,450,310,300,300,320,885.2,885.2,899.2,952.3,950,917.9,839.5,832.18,2790,2735.9,6329.3,231
6.7,145,676.39,588.46,478.63,448.83,279.06,301.62,300.55,322.89,610,500,450,310,300,300,320,885.2,885.2,899.2,952.3,950,917.9,839,829.86,2790,2720.04,6328.8,231
6.75,145,677.31,588.54,477.01,446.31,296.41,300.94,299.5,321.99,610,500,450,310,300,300,320,885.2,885.2,899.2,952.3,950,917.3,839,831.48,2790,2730.7,6328.2,231
6.8,145,675,587.65,475.86,445.38,300.26,300.44,296.09,321.79,610,500,450,310,300,300,320,885.2,885.2,899.2,951.7,950,917.9,839,831.25,2790,2727.47,6328.2,231
6.85,145,681.02,585.66,474.53,444.32,303.25,299.84,294.94,320.58,610,500,450,310,300,300,320,885.2,885.2,899.2,951.7,950,917.9,839,830.32,2790,2723.12,6328.2,231
6.9,145,679.86,587.09,475.92,445.55,310.39,299.93,295.76,322.62,610,500,450,310,300,300,320,885.2,885.2,899.2,951.7,950,917.3,839,829.4,2790,2737.26,6327.6,231
6.95,145,679.63,586.41,477.31,447.52,313.96,301.3,296.41,321.94,610,500,450,310,300,300,320,885.2,885.2,899.2,951.7,950,917.3,839,832.64,2790,2744.85,6327.6,231
7,145,676.16,586.65,478.02,447.97,315.05,301.71,297.19,323.48,610,500,450,310,300,300,320,885.2,885.2,899.2,951.7,950,917.3,839,830.56,2790,2750.07,6327.6,231
7.05,145,677.78,585.67,479.38,448.69,315.65,298.91,303.22,323.05,610,500,450,310,300,300,320,885.2,885.2,899.2,951.7,950,917.3,839,829.86,2790,2754.57,6327.6,231
7.1,145,677.08,587.11,480.45,449.19,316.77,299,304.74,324.52,610,500,450,310,300,300,320,885.2,885.2,899.2,951.7,949.4,917.3,839,834.95,2790,2761.78,6327,231
7.15,145,674.31,588.14,480.88,450.28,317.37,299.26,305.18,325.17,610,500,450,310,300,300,320,885.2,885.2,899.2,951.7,949.4,917.3,839,830.32,2790,2766.28,6327,231
7.2,145,675.93,590.47,482.27,451.75,318.33,301.17,305.82,325.45,610,500,450,310,300,300,320,885.2,885.2,899.2,951.7,949.4,917.3,839,832.18,2790,2775.26,6327,231
7.25,145,673.15,592.86,484.06,453.41,318.92,300.88,306.24,326.55,610,500,450,310,300,300,320,885.2,885.2,899.2,951.7,949.4,917.3,839,830.32,2790,2782.92,6327,231
7.3,145,678.7,600.63,486.78,455.23,320.63,302.49,299.6,329.21,610,500,450,310,300,300,320,885.2,885.2,899.2,951.7,949.4,917.3,839,832.18,2790,2794.57,6327,231
7.35,145,669.44,603.41,488.31,457.64,321.58,303.85,299.52,331.06,610,500,450,310,300,300,320,885.2,885.2,899.2,951.7,949.4,917.3,839,831.48,2790,2805.37,6327,231
7.4,145,670.6,604.39,491.02,460.06,304.39,306.17,301.33,332.77,610,500,450,310,300,300,320,885.2,885.2,899.2,951.7,949.4,917.3,839,830.32,2790,2800.13,6327,231
7.45,145,670.83,607.87,493.23,462.64,289.87,307.21,302.74,334.32,610,500,450,310,300,300,320,885.2,885.2,899.2,951.7,949.4,917.3,839,834.49,2790,2797.88,6327,231
7.5,145,673.84,605.56,491.83,460.82,289.38,306.21,301.91,332.53,610,500,450,310,300,300,320,885.2,885.2,899.2,951.7,949.4,917.3,838.4,832.41,2790,2788.24,6326.4,231
7.55,145,672.92,603.54,488.31,457.53,305.99,304.03,299.7,329.94,610,500,450,310,300,300,320,885.2,885.2,899.2,951.7,949.4,917.3,838.4,833.56,2790,2789.04,6326.4,231
7.6,145,675.23,597.02,486.45,457.35,306.05,303.19,298.86,328.92,610,500,450,310,300,300,320,885.2,885.2,899.2,951.7,949.4,917.3,838.4,831.02,2790,2777.84,6326.4,231
7.65,145,671.53,594.47,485.94,456.35,307.78,302.98,298.46,328.66,610,500,450,310,300,300,320,885.2,885.2,899.2,951.1,949.4,917.3,838.4,827.78,2790,2774.64,6325.8,231
7.7,145,677.31,597.25,488.31,458.36,311.79,299.88,299.52,330.67,610,500,450,310,300,300,320,885.2,885.2,899.2,951.1,949.4,917.3,838.4,830.56,2790,2785.78,6325.8,231
7.75,145,679.4,596.72,488.23,458.19,312.36,301.38,299.75,330.16,610,500,450,310,300,300,320,885.2,885.2,899.2,951.1,948.8,917.3,838.4,829.17,2790,2786.79,6325.2,231
7.8,145,675.46,594.14,486.94,456.81,311.79,300.43,298.79,327.35,610,500,450,310,300,300,320,885.2,885.2,899.2,951.1,948.8,917.3,838.4,833.33,2790,2776.25,6325.2,231
7.85,145,674.07,590.02,483.23,453.47,309.02,298.11,296.29,323.83,610,500,450,310,300,300,320,885.2,885.2,899.2,951.1,948.8,917.3,838.4,831.25,2790,2753.97,6325.2,231
7.9,145,671.53,586.69,480.57,450.96,307.02,296.43,294.78,323.53,610,500,450,310,300,300,320,885.2,885.2,899.2,951.1,948.8,917.3,838.4,828.7,2790,2739.98,6325.2,231
7.95,145,671.53,587.52,480.22,450.93,306.29,295.67,294.57,324.18,610,500,450,310,300,300,320,885.2,885.2,899.2,951.1,948.8,917.3,838.4,828.94,2790,2739.38,6325.2,231
8,145,680.56,590.14,480.62,451.38,307.41,295.18,295.36,326,610,500,450,310,300,300,320,885.2,885.2,899.2,951.1,948.8,917.3,838.4,832.87,2790,2746.09,6325.2,231
8.05,145,676.39,589.26,480.47,451.02,307.23,296.28,301,325.55,610,500,450,310,300,300,320,885.2,885.2,899.2,951.1,948.8,917.3,838.4,831.71,2790,2750.81,6325.2,231
8.1,145,670.14,592.98,484.06,454.25,309.76,297.25,305,328.24,610,500,450,310,300,300,320,885.2,885.2,899.2,951.1,948.8,917.3,838.4,831.48,2790,2771.54,6325.2,231
8.15,145,672.92,593.66,485.89,455.58,310.21,299.52,305.98,328.45,610,500,450,310,300,300,320,885.2,885.2,899.2,951.1,948.8,917.3,838.4,830.09,2790,2779.29,6325.2,231
8.2,145,668.52,598.12,484.67,455.7,310.21,299.16,305.8,327.94,610,500,450,310,300,300,320,885.2,885.2,899.2,951.1,948.8,917.3,838.4,832.18,2790,2781.6,6325.2,231
8.25,145,680.56,596.59,483.06,452.85,309.35,297.56,303.51,325.58,610,500,450,310,300,300,320,885.2,885.2,899.2,951.1,948.8,917.3,838.4,829.17,2790,2768.5,6325.2,231
8.3,145,676.39,593.27,481.19,451.48,310.46,297.26,295.61,324.21,610,500,450,310,300,300,320,885.2,885.2,899.2,951.1,948.8,917.3,838.4,828.7,2790,2753.48,6325.2,231
8.35,145,672.45,590.53,479.45,449.73,309.46,297.32,293.65,322.47,610,500,450,310,300,300,320,885.2,885.2,899.2,951.1,948.8,917.3,838.4,831.25,2790,2742.61,6325.2,231
8.4,145,675,588.9,477.1,435.97,307.93,300.81,292.61,322.51,610,500,450,310,300,300,320,885.2,885.2,899.2,951.1,948.8,917.3,838.4,830.32,2790,2725.83,6325.2,231
8.45,145,672.45,588.86,476.6,427.67,308.61,299.89,297.35,322.31,610,500,450,310,300,300,320,885.2,885.2,899.2,951.1,948.8,917.3,838.4,829.86,2790,2721.29,6325.2,231
8.5,145,675.23,587.67,477.42,428.35,309.87,299.92,301.9,322.69,610,500,450,310,300,300,320,885.2,885.2,899.2,951.1,948.8,917.3,838.4,831.48,2790,2727.82,6325.2,231
8.55,145,680.79,587.43,478.77,427.94,310.81,301.07,303.22,324.42,610,500,450,310,300,300,320,885.2,885.2,899.2,951.1,948.2,917.3,838.4,829.17,2790,2733.66,6324.6,231
8.6,145,670.83,585.74,479.13,428.75,312.06,299.85,303.26,323.83,610,500,450,310,300,300,320,885.2,885.2,899.2,951.1,948.2,917.3,838.4,831.25,2790,2732.62,6324.6,231
8.65,145,665.51,586.55,478.3,427.18,312.03,300.89,302.51,323.51,610,500,450,310,300,300,320,885.2,885.2,899.2,950.6,948.2,917.3,838.4,833.33,2790,2730.97,6324.1,231
8.7,145,662.73,585.21,478.08,442.06,312.15,299.95,302.46,322.89,610,500,450,310,300,300,320,885.2,885.2,899.2,950.6,948.2,917.3,838.4,834.72,2790,2742.8,6324.1,231
8.75,145,669.68,588.66,481.1,453.67,313.01,301.01,299.38,325.96,610,500,450,310,300,300,320,885.2,885.2,899.2,950.6,948.2,917.3,838.4,834.95,2790,2762.79,6324.1,231
8.8,145,671.76,590.91,482.98,456.24,314.35,299.33,298.6,326.83,610,500,450,310,300,300,320,885.2,885.2,899.2,950.6,948.2,917.3,838.4,831.02,2790,2769.24,6324.1,231
8.85,145,672.92,591.87,483.67,456.9,315.09,299.92,299.01,327.05,610,500,450,310,300,300,320,885.2,885.2,898.6,950.6,948.2,917.3,838.4,830.09,2790,2773.51,6323.5,231
8.9,145,669.21,596.62,483.84,457.28,314.93,300.29,299.02,327.63,610,500,450,310,300,300,320,885.2,885.2,898.6,950.6,948.2,917.3,838.4,831.71,2790,2779.61,6323.5,231
8.95,145,678.94,592.64,481.19,455.19,313.59,298.53,297.62,325.4,610,500,450,310,300,300,320,885.2,885.2,898.6,950.6,948.2,916.7,838.4,825.46,2790,2764.16,6322.9,231
9,145,669.21,591.81,480.5,453.92,313.2,298.13,297.4,325.18,610,500,450,310,300,300,320,885.2,885.2,898.6,950.6,948.2,916.7,838.4,829.86,2790,2760.14,6322.9,231
9.05,145,664.58,586.4,479.56,452.83,313.01,298.11,297.02,324.32,610,500,450,310,300,300,320,885.2,885.2,898.6,950.6,948.2,917.3,837.8,825.46,2790,2751.25,6322.9,231
9.1,145,665.74,590.12,479.06,452.44,312.47,298.09,296.45,323.27,610,500,450,310,300,300,320,885.2,885.2,898.6,950.6,948.2,917.3,838.4,830.32,2790,2751.9,6323.5,231
9.15,145,665.05,593.12,481.32,454.45,313.4,299.07,301.95,325.05,610,500,450,310,300,300,320,885.2,885.2,898.6,950.6,948.2,917.3,837.8,829.17,2790,2768.36,6322.9,231
9.2,145,667.82,593.88,482.97,456.22,313.99,299.5,303.81,326.37,610,500,450,310,300,300,320,885.2,885.2,898.6,950.6,948.2,916.7,837.8,829.17,2790,2776.74,6322.3,231
9.25,145,668.06,595.76,482.83,457.78,314.52,301.85,304.54,327.68,610,500,450,310,300,300,320,885.2,885.2,898.6,950.6,948.2,916.7,837.8,826.85,2790,2784.96,6322.3,231
9.3,145,668.98,595.76,483.29,457.55,313.66,303.65,304.89,328.01,610,500,450,310,300,300,320,885.2,885.2,898.6,950.6,948.2,916.7,837.8,824.54,2790,2786.81,6322.3,231
9.35,145,668.98,596.09,482.18,455.97,289.92,302.91,303.98,326.98,610,500,450,310,300,300,320,885.2,885.2,898.6,950.6,948.2,916.7,837.8,824.77,2790,2758.03,6322.3,231
9.4,145,668.52,589.95,478.87,453.24,286.01,300.96,297.89,323.64,610,500,450,310,300,300,320,885.2,885.2,898.6,950.6,948.2,916.7,837.8,826.39,2790,2730.56,6322.3,231
9.45,145,664.81,586.17,476.5,449.92,305.11,300.83,293.72,320.81,610,500,450,310,300,300,320,885.2,885.2,898.6,950.6,948.2,916.7,837.8,825.46,2790,2733.06,6322.3,231
9.5,145,664.81,581.2,475.27,448.7,309.42,299.47,292.53,320.13,610,500,450,310,300,300,320,885.2,885.2,898.6,950.6,947.6,916.7,837.8,825.46,2790,2726.72,6321.7,231
9.55,145,660.19,585.57,475.39,448.66,310.97,298.18,292.69,320.45,610,500,450,310,300,300,320,885.2,885.2,898.6,950.6,947.6,916.7,837.8,824.77,2790,2731.91,6321.7,231
9.6,145,668.29,586.37,476.35,450.62,312.38,296.2,301.45,322.77,610,500,450,310,300,300,320,885.2,885.2,898.6,950.6,947.6,916.7,837.8,826.39,2790,2746.14,6321.7,231
9.65,145,663.66,589.56,477.79,452.23,312.93,296.78,303.1,324.28,610,500,450,310,300,300,320,885.2,885.2,898.6,950.6,947.6,916.7,837.8,823.38,2790,2756.67,6321.7,231
9.7,145,663.19,586.13,478.73,452.62,313.9,297.8,304.09,325.3,610,500,450,310,300,300,320,885.2,885.2,898.6,950.6,947.6,916.7,837.8,826.39,2790,2758.57,6321.7,231
9.75,145,669.44,591.77,479.61,453.33,314.67,298.23,304.52,324.13,610,500,450,310,300,300,320,885.2,885.2,898.6,950.6,947.6,916.7,837.8,827.08,2790,2766.26,6321.7,231
9.8,145,665.51,592.85,481.15,454.32,315.29,298.87,304.8,325.71,610,500,450,310,300,300,320,885.2,885.2,898.6,950.6,947.6,916.7,837.8,824.31,2790,2772.99,6321.7,231
9.85,145,661.57,597.69,483.85,457.67,317.27,301.11,300.03,327.17,610,500,450,310,300,300,320,885.2,885.2,898,950,947.6,916.7,837.8,821.3,2790,2784.79,6320.5,231
9.9,145,668.52,596.43,485.71,458.44,318.24,303.38,299.6,327.47,610,500,450,310,300,300,320,885.2,885.2,898.6,950,947.6,916.7,837.8,825.69,2790,2789.27,6321.1,231
9.95,145,661.57,594.54,485.85,459.13,318.57,305.69,299.59,327.68,610,500,450,310,300,300,320,885.2,885.2,898.6,950,947.6,916.7,837.8,824.54,2790,2791.05,6321.1,231
10,145,666.67,598.67,485.38,449.89,317.61,305.41,299.12,327.91,610,500,450,310,300,300,320,885.2,885.2,898.6,950,947.6,916.7,837.8,822.92,2790,2783.99,6321.1,231
10.05,145,661.57,596.49,483.84,439,312.51,304.42,298.3,327.34,610,500,450,310,300,300,320,885.2,885.2,898.6,950,947.6,916.7,837.8,827.55,2790,2761.9,6321.1,231
10.1,145,654.17,598.71,484.24,438.58,287.98,303.04,298.72,327.58,610,500,450,310,300,300,320,885.2,885.2,898.6,950,947.6,916.7,837.8,824.54,2790,2738.85,6321.1,231
10.15,145,655.32,598.58,484.24,438.46,293.77,301.25,299.08,327.35,610,500,450,310,300,300,320,885.2,885.2,898.6,950,947.6,916.1,837.8,826.39,2790,2742.73,6320.5,231
10.2,145,659.72,598.9,484.6,439.5,309.46,300.56,299.29,328.29,610,500,450,310,300,300,320,885.8,885.2,898.6,950,947.6,916.1,837.8,823.61,2790,2760.6,6321.1,231
10.25,145,661.34,600.26,486.32,440.67,312.04,301.41,300.32,318.83,610,500,450,310,300,300,320,885.8,885.2,898.6,950,947.6,916.1,837.8,823.61,2790,2759.85,6321.1,231
10.3,145,659.03,596.57,486.34,440.93,312.22,301.6,300.34,315.46,610,500,450,310,300,300,320,885.8,885.2,898.6,950,947.6,916.1,837.8,827.55,2790,2753.46,6321.1,231
10.35,145,662.27,597.15,486.45,441.76,312.2,301.58,300.13,315.38,610,500,450,310,300,300,320,885.8,885.2,898,950,947.1,916.1,837.8,822.92,2790,2754.65,6320,231
10.4,145,661.34,592.7,484.75,439.01,311.04,300.2,299.29,314.49,610,500,450,310,300,300,320,885.8,885.2,898,950,947.1,916.1,837.3,821.3,2790,2741.48,6319.5,231
10.45,145,656.94,593.81,482.96,437.3,310.27,299.59,299.04,315.18,610,500,450,310,300,300,320,885.8,885.2,898,950,947.1,916.1,837.3,821.3,2790,2738.15,6319.5,231